{
    "lodash.get": {
        "name": "lodash.get",
        "version": "4.4.2",
        "license": "MIT",
        "homepage": "https:\/\/lodash.com\/",
        "licenseError": false,
        "licenseToDisplay": "",
        "showLicenseModal": false
    },
    "lodash.isequal": {
        "name": "lodash.isequal",
        "version": "4.5.0",
        "license": "MIT",
        "homepage": "https:\/\/lodash.com\/",
        "licenseError": false,
        "licenseToDisplay": "",
        "showLicenseModal": false
    },
    "lodash.unionby": {
        "name": "lodash.unionby",
        "version": "4.8.0",
        "license": "MIT",
        "homepage": "https:\/\/lodash.com\/",
        "licenseError": false,
        "licenseToDisplay": "",
        "showLicenseModal": false
    },
    "vue-drag-resize": {
        "name": "vue-drag-resize",
        "version": "1.3.2",
        "license": "MIT",
        "homepage": "https:\/\/github.com\/kirillmurashov\/vue-drag-resize.git",
        "licenseError": false,
        "licenseToDisplay": "",
        "showLicenseModal": false
    },
    "vuex": {
        "name": "vuex",
        "version": "3.1.1",
        "license": "MIT",
        "homepage": "https:\/\/github.com\/vuejs\/vuex#readme",
        "licenseError": false,
        "licenseToDisplay": "",
        "showLicenseModal": false
    }
}